{"cameraMode":{"drawMode":0,"name":"Shaded","section":"Shading Mode"},"sceneLighting":false,"audioPlay":false,"sceneViewState":{"showFog":true,"showMaterialUpdate":false,"showSkybox":false,"showFlares":true,"showImageEffects":true,"showParticleSystems":true},"in2DMode":false,"pivot":{"x":-0.02797412872314453,"y":0.08083820343017578,"z":250.0},"rotation":{"x":0.34572848677635195,"y":-0.6283525228500366,"z":0.3664674758911133,"w":0.592761218547821},"size":186.38417053222657,"orthographic":true}