{"cameraMode":{"drawMode":0,"name":"Shaded","section":"Shading Mode"},"sceneLighting":false,"audioPlay":false,"sceneViewState":{"showFog":true,"showMaterialUpdate":false,"showSkybox":false,"showFlares":true,"showImageEffects":true,"showParticleSystems":true},"in2DMode":false,"pivot":{"x":6.989999771118164,"y":2.690000057220459,"z":40.79999923706055},"rotation":{"x":0.03598036617040634,"y":-0.2806846797466278,"z":0.010535928420722485,"w":0.9590707421302795},"size":11.431534767150879,"orthographic":true}